NAME,PHONE NUMBER,DATE OF BIRTH,AADHAR NUMBER
Aaradhya Bansal,9908895387,10.12.1991,563263195827
Aaradhya Chopra,7107785976,14.02.1983,603635476978
Aaradhya Choudhary,9528696533,01.03.1979,395908975896
Aaradhya Das,9932360070,15.08.1989,392807299415
Aaradhya Desai,8609726928,23.01.2002,714982798319
Aaradhya Dey,8165252377,18.01.1988,190754219294
Aaradhya Gupta,8426394373,05.05.1971,430064700274
Aaradhya Joshi,7158038807,17.07.1977,957289775260
Aaradhya Kapoor,8161264188,08.04.1976,823030681868
Aaradhya Kumar,7225581291,24.03.1977,193586415183
Aaradhya Malik,7008613697,14.09.1970,439340613594
Aaradhya Mehta,8899689362,14.10.1995,922383228862
Aaradhya Mishra,9325959529,23.09.1975,742094615268
Aaradhya Nair,7144940996,19.08.1983,852323410906
Aaradhya Patel,9749153475,10.12.1985,529390265045
Aaradhya Reddy,9156325372,07.02.1994,600180658781
Aaradhya Saxena,9432615603,14.05.1985,578008608268
Aaradhya Shah,9989807159,11.08.1976,699603177748
Aaradhya Sharma,9754887382,07.02.1990,640481608727
Aaradhya Singh,8648512920,07.07.2003,564213899080
Aaradhya Sinha,8714673547,21.10.1984,229900762731
Aaradhya Thakur,8350376764,27.02.1977,407376207970
Aaradhya Verma,8287582499,23.05.1971,253545095914
Aaradhya Verma,9984186647,16.02.1977,305046736550
Aaradhya Yadav,9162384818,06.09.1984,787156426868
Aarav Bansal,8682941427,11.06.1979,995085780452
Aarav Chopra,7985493122,18.10.1994,960586389912
Aarav Choudhary,8431381776,20.02.1985,126642416979
Aarav Das,7086347876,16.01.2004,578956387682
Aarav Desai,8057531847,17.09.1989,427376387942
Aarav Dey,9521531711,08.09.1987,461713865830
Aarav Gupta,8106511173,23.06.1994,455564610032
Aarav Joshi,9440593005,15.08.1992,917093413340
Aarav Kapoor,9093203107,08.01.2010,977807647842
Aarav Kumar,9552466465,18.03.1987,629513701704
Aarav Malik,9314305086,06.05.1988,801259490784
Aarav Mehta,9323143844,05.09.1973,591284043798
Aarav Mishra,7099395189,12.11.1983,374584050636
Aarav Nair,7608751125,13.06.1976,817390372007
Aarav Patel,8535642574,03.09.2004,915493764345
Aarav Reddy,7707065288,23.06.1970,128316154665
Aarav Saxena,8478848954,03.11.1975,881861575167
Aarav Shah,8855056643,22.10.1994,843551302268
Aarav Sharma,8914881912,07.10.2008,945548771311
Aarav Singh,9045285172,24.05.1985,605012353188
Aarav Sinha,7051379642,23.11.1974,243116473194
Aarav Thakur,7962568101,16.08.1972,435393266062
Aarav Verma,8653812735,17.06.1994,317154956499
Aarav Verma,9139787849,13.02.2007,573246178271
Aarav Yadav,8189970473,18.02.1998,936975034298
Aditi Bansal,8675224083,25.01.1972,733079494333
Aditi Chopra,7773446938,27.10.2007,439403645178
Aditi Choudhary,7876423905,23.05.2003,593568764795
Aditi Das,7506838998,11.02.1973,455939038561
Aditi Desai,9345219953,20.06.1974,710849873413
Aditi Dey,8431937919,10.01.2009,998924484211
Aditi Gupta,8906708111,02.06.1987,831829938935
Aditi Joshi,9632848995,09.02.1984,426677699038
Aditi Kapoor,7752045087,02.09.1976,566959733426
Aditi Kumar,8271323992,25.11.1980,598577265234
Aditi Malik,7464174872,11.04.1971,145040460533
Aditi Mehta,7106072173,06.11.1972,754762193576
Aditi Mishra,8964649088,25.01.1995,903184926792
Aditi Nair,7909267128,05.10.1988,290689304789
Aditi Patel,7426398916,26.12.2001,814490090970
Aditi Reddy,9876295117,01.03.1989,483788273590
Aditi Saxena,9709863158,02.05.1981,448835829991
Aditi Shah,8112212515,23.02.2008,997625911347
Aditi Sharma,9898672018,11.08.1977,659077647249
Aditi Singh,9340365733,08.06.2005,532344029161
Aditi Sinha,9513670603,27.11.2004,780779820565
Aditi Thakur,8867677196,26.08.2005,359781028244
Aditi Verma,8269359284,21.04.1996,998582985978
Aditi Verma,9352484315,23.04.1991,480495768484
Aditi Yadav,8842065185,05.01.1999,761943283074
Advait Bansal,7711208779,10.04.2009,947658555375
Advait Chopra,7533814132,23.04.1980,398258060819
Advait Choudhary,9134630200,09.06.2005,361495984243
Advait Das,8403708571,15.12.1999,268730615176
Advait Desai,8117488417,13.08.2005,557754691693
Advait Dey,9383274233,28.01.1976,655818752915
Advait Gupta,8035586419,20.10.1986,604441877701
Advait Joshi,8035859250,03.04.1988,376813018458
Advait Kapoor,9968945374,25.06.1978,440815241175
Advait Kumar,7654175001,10.12.2001,145530273479
Advait Malik,7947372450,25.04.1983,680037544445
Advait Mehta,7646065971,19.10.1974,331759259128
Advait Mishra,8219858492,27.06.2009,291148385098
Advait Nair,9674414789,17.01.1993,598588879766
Advait Patel,7019917806,11.01.2001,154783240851
Advait Reddy,7764187849,26.12.2004,383231635211
Advait Saxena,8033614753,28.03.1986,590575240028
Advait Shah,7666507770,04.08.1985,402137166481
Advait Sharma,7963945812,24.03.1971,818058478865
Advait Singh,8877322919,15.09.1995,803964555611
Advait Sinha,7235907433,27.03.1980,650882386332
Advait Thakur,9765276634,23.06.1993,184333138824
Advait Verma,7164458099,24.11.1990,907811858077
Advait Verma,7187169943,04.09.1970,605878556233
Advait Yadav,7622721064,23.11.2005,878311421548
Akshara Bansal,7794656681,09.06.2001,756635745004
Akshara Chopra,7360819444,03.07.2008,983612830798
Akshara Choudhary,8238086114,07.07.2007,778979056719
Akshara Das,9757867812,14.02.1991,725721560114
Akshara Desai,9833640562,14.02.1976,452241999034
Akshara Dey,9709161836,20.07.2001,534890599282
Akshara Gupta,9577938390,13.02.1972,334101110361
Akshara Joshi,8443525485,02.03.1990,955374337313
Akshara Kapoor,9171150328,01.09.1991,364173715346
Akshara Kumar,8731931378,20.07.2005,662296780419
Akshara Malik,7025902480,24.07.2010,332274904072
Akshara Mehta,8732743391,12.12.1979,141385670680
Akshara Mishra,7905746660,12.05.1973,653020789622
Akshara Nair,7806822510,05.01.2001,213418731523
Akshara Patel,7657183562,23.09.1977,290286593794
Akshara Reddy,9400547082,22.02.2007,171273536904
Akshara Saxena,8609125888,05.02.1976,574129265360
Akshara Shah,9206926238,15.05.1991,748870089412
Akshara Sharma,8242957309,10.04.1976,189823336621
Akshara Singh,8932904687,27.02.1974,499414048092
Akshara Sinha,7822295027,04.05.2006,495255525037
Akshara Thakur,7901250933,06.06.1988,180914989825
Akshara Verma,8121458323,08.05.1976,936282091814
Akshara Verma,8874554908,04.11.1977,990269460698
Akshara Yadav,8807038815,13.08.1975,857491538283
Aman Bansal,8805761335,01.08.1974,657741546978
Aman Chopra,9568709944,26.09.1976,937487100499
Aman Choudhary,7863613484,26.10.1974,344940852982
Aman Das,7071311811,04.06.1976,931815472458
Aman Desai,7115192489,06.12.1999,813464552771
Aman Dey,7976643099,22.11.2001,332360117152
Aman Gupta,9969241803,24.10.1982,558027220744
Aman Joshi,8840798101,26.04.1972,716580720583
Aman Kapoor,9405653528,07.03.1984,507136568658
Aman Kumar,9527351884,24.09.1983,359435475306
Aman Malik,8346105857,19.07.1991,710062474391
Aman Mehta,7572268152,20.08.2010,324315159531
Aman Mishra,9043900159,11.06.1979,489800293692
Aman Nair,7717356369,15.04.1972,120100560939
Aman Patel,8511552464,03.09.2008,902913460969
Aman Reddy,7372451187,14.06.1977,467304751409
Aman Saxena,9617642142,27.06.1980,871223117052
Aman Shah,9491531701,11.05.1985,877880232863
Aman Sharma,8033292824,24.12.1971,149179155122
Aman Singh,8447943679,22.11.1975,476718179995
Aman Sinha,9020153284,15.05.1994,536167797917
Aman Thakur,9829334667,03.10.2004,271680820498
Aman Verma,7039094626,22.11.1978,428455970025
Aman Verma,8985435067,16.02.1973,298537633323
Aman Yadav,9847356313,22.11.1991,433638078133
Amrita Bansal,7181358374,20.05.2010,288842860125
Amrita Chopra,7744747772,03.02.1999,917708596273
Amrita Choudhary,9895183999,01.03.1974,327447581697
Amrita Das,9440495102,11.01.2006,737089556283
Amrita Desai,9052670435,02.03.1979,338214577966
Amrita Dey,7109686971,04.08.2002,411705761472
Amrita Gupta,7383248198,25.07.1975,871959918302
Amrita Joshi,9617883164,26.09.1980,807266067029
Amrita Kapoor,8599305099,14.09.1997,673690218910
Amrita Kumar,8920266569,04.01.1983,490792856814
Amrita Malik,7442840407,21.03.2008,922302720879
Amrita Mehta,7011387935,13.02.2001,698105672369
Amrita Mishra,9164582530,03.03.1992,558225222983
Amrita Nair,8029356960,21.10.2009,553723258021
Amrita Patel,8988083168,26.02.1978,348240287684
Amrita Reddy,8948192086,14.01.2004,208598338252
Amrita Saxena,7092228487,22.05.2001,704978434766
Amrita Shah,9784461307,18.06.1995,417739462023
Amrita Sharma,8270961145,10.09.1997,742425175238
Amrita Singh,7922862219,11.05.1975,160366501094
Amrita Sinha,8678146080,13.08.1983,847274398909
Amrita Thakur,8379204972,26.12.1998,115191361830
Amrita Verma,7742381503,27.12.1993,387327577857
Amrita Verma,8929166578,03.09.1989,483775545661
Amrita Yadav,7289052531,21.05.2010,115485673131
Ananya Bansal,8159975296,05.02.2010,140774793422
Ananya Chopra,9069830587,18.11.1992,800785271064
Ananya Choudhary,9743095469,24.04.2003,881912835343
Ananya Das,8758558903,13.04.2007,421537835563
Ananya Desai,9162543085,18.11.2007,847456904981
Ananya Dey,9921870037,05.02.1979,776780358665
Ananya Gupta,7449524643,26.08.1978,928958381557
Ananya Joshi,7443856271,27.05.1990,106276949242
Ananya Kapoor,8164279275,12.11.1977,149083561304
Ananya Kumar,9664827148,07.05.1972,702051812943
Ananya Malik,8292810114,27.05.1975,958846050844
Ananya Mehta,8505828067,26.07.1996,844008306117
Ananya Mishra,7987568671,26.08.1992,309842614247
Ananya Nair,8104316679,28.10.2007,106451214808
Ananya Patel,9002656266,25.01.2005,672395260441
Ananya Reddy,8957928554,21.08.1995,330093070054
Ananya Saxena,9282095849,10.07.1996,998100772307
Ananya Shah,8936627243,19.04.2000,200759474552
Ananya Sharma,7169804993,17.02.1982,293429521421
Ananya Singh,9949275129,01.04.2004,759494442643
Ananya Sinha,8205772502,13.06.1998,512234810967
Ananya Thakur,8152045273,15.09.2000,879102723038
Ananya Verma,7349709262,02.05.1996,102885589480
Ananya Verma,7639959837,28.11.1983,301359477484
Ananya Yadav,9690280290,09.12.1970,529609944260
Anika Bansal,8638272668,02.08.1972,406139338615
Anika Chopra,8038501515,26.12.1990,260402389412
Anika Choudhary,9371232048,16.09.2008,664094284075
Anika Das,8760470395,23.02.2005,133562721869
Anika Desai,9501718209,15.07.1991,159893591903
Anika Dey,8409530797,28.11.1984,331769758789
Anika Gupta,9989126763,25.03.2001,655320172682
Anika Joshi,9033533747,03.12.1985,220844101433
Anika Kapoor,9995213110,13.08.2007,886204402761
Anika Kumar,8957168170,28.03.2006,683638482174
Anika Malik,8460847553,22.12.2009,341758845448
Anika Mehta,9315171774,13.06.1991,231639856608
Anika Mishra,8398922519,21.01.1981,919766873957
Anika Nair,7276479415,12.02.2000,523264649629
Anika Patel,9095109397,23.06.1995,915891099764
Anika Reddy,9677377621,06.11.1995,162036833452
Anika Saxena,9328988915,26.08.1997,595743053119
Anika Shah,8112562693,28.10.1988,972869504408
Anika Sharma,9109471880,26.10.1984,454024568685
Anika Singh,9628282341,26.02.1998,608207310837
Anika Sinha,9609241654,06.05.1984,499324387331
Anika Thakur,7619320329,21.09.2003,327067291489
Anika Verma,9950855587,16.08.2005,902840732018
Anika Verma,8305783193,06.10.1977,219110002158
Anika Yadav,8875438058,08.05.1993,858940542011
Arjun Bansal,8368039874,20.07.1986,899326071052
Arjun Chopra,8945862612,06.12.1985,479763832003
Arjun Choudhary,8017950651,26.05.1976,948772065255
Arjun Das,8048689489,16.05.1999,362796023011
Arjun Desai,7394003427,24.02.1976,184466195192
Arjun Dey,9499156270,26.11.1995,988462137136
Arjun Gupta,8839557780,26.04.1975,949718552785
Arjun Joshi,8231172337,07.06.1980,802816055651
Arjun Kapoor,8607758487,08.11.1983,488017192524
Arjun Kumar,8097227137,12.01.1996,264863639891
Arjun Malik,8334104362,24.09.2005,192007986592
Arjun Mehta,8761405033,25.08.1973,667071180162
Arjun Mishra,8764503132,08.10.1998,975605346434
Arjun Nair,9422082763,09.03.1974,348971367990
Arjun Patel,8800787207,01.03.2002,193854071117
Arjun Reddy,9166958978,27.02.1978,326390975918
Arjun Saxena,8974977145,23.01.1970,865000690924
Arjun Shah,8564529992,02.08.1973,787599070150
Arjun Sharma,8146944352,25.09.1975,660074956938
Arjun Singh,7636608614,20.10.1999,937805844461
Arjun Sinha,9288915938,20.11.1972,154324866397
Arjun Thakur,7750738779,04.01.1970,450044486587
Arjun Verma,8828737657,17.12.1997,880635533416
Arjun Verma,8852039939,10.04.1995,147437856350
Arjun Yadav,7021013613,10.10.1988,253802166430
Aryan Bansal,7029274972,08.09.1978,180781990584
Aryan Chopra,8274963123,17.04.1991,247676672389
Aryan Choudhary,7548130266,13.08.2001,950747962053
Aryan Das,8405470894,05.09.1990,984150527679
Aryan Desai,8952041922,12.01.1996,642397574437
Aryan Dey,9118374026,20.04.1976,928040114443
Aryan Gupta,9421448447,17.08.2007,188205961803
Aryan Joshi,7823107850,24.09.1997,984987576655
Aryan Kapoor,7544343588,21.02.2005,862379324781
Aryan Kumar,7471711488,06.02.1990,824422728224
Aryan Malik,7536782162,12.08.1990,789242625226
Aryan Mehta,8192414619,08.02.2005,855848921636
Aryan Mishra,9104195613,09.04.2010,330128715561
Aryan Nair,9567539682,04.12.1988,478381060600
Aryan Patel,8375840440,11.10.1994,748344826226
Aryan Reddy,9592336445,20.04.1999,442072176183
Aryan Saxena,7011878630,05.09.1990,952459709618
Aryan Shah,7219683803,01.09.1982,452848693342
Aryan Sharma,7168523448,08.12.1998,297637163009
Aryan Singh,9769165332,17.11.2001,785853411188
Aryan Sinha,9242975297,17.09.2010,613431744639
Aryan Thakur,9108660007,14.02.1970,263357195518
Aryan Verma,8325691449,20.09.2010,888196615598
Aryan Verma,9775478038,20.11.1970,138888049086
Aryan Yadav,8699010979,07.03.2008,875046434080
Bhavya Bansal,8174084867,13.06.2004,991454406100
Bhavya Chopra,8713776508,09.10.2010,618795893511
Bhavya Choudhary,7830356689,12.04.1988,767546818574
Bhavya Das,7915903384,26.09.1980,558999681811
Bhavya Desai,7199589378,04.12.1994,248658683301
Bhavya Dey,8549087298,19.07.1994,688756542742
Bhavya Gupta,9682549343,04.09.1986,706735527612
Bhavya Joshi,8283375089,03.03.1994,895207675385
Bhavya Kapoor,8673972797,27.05.1975,999139988900
Bhavya Kumar,8227527761,08.05.1977,152393701225
Bhavya Malik,7579430821,14.11.1987,576854577048
Bhavya Mehta,8751499095,15.10.1976,479274103433
Bhavya Mishra,8293699987,02.04.2000,318838667783
Bhavya Nair,9088706997,22.02.1995,755085684215
Bhavya Patel,7495596369,07.09.1994,945203939362
Bhavya Reddy,7389105169,25.11.1975,863979014575
Bhavya Saxena,9825406389,15.11.1988,739514928636
Bhavya Shah,8231997577,25.11.2000,260827674944
Bhavya Sharma,7395035337,24.10.2005,391490576193
Bhavya Singh,8021445384,27.07.1976,890889730363
Bhavya Sinha,9390354506,20.05.1988,849186235031
Bhavya Thakur,9251258448,11.11.2005,876100579871
Bhavya Verma,9516764280,23.05.1986,794602340424
Bhavya Verma,8256618954,16.10.2007,692099913890
Bhavya Yadav,8673224936,26.02.1996,901886721724
Chetan Bansal,7248963943,19.08.2009,822594044501
Chetan Chopra,9148913587,10.10.2000,898023363817
Chetan Choudhary,9740560150,24.01.1972,394066187613
Chetan Das,8444713396,11.04.1988,867578730885
Chetan Desai,9893986560,07.09.1991,510581267746
Chetan Dey,9371485498,09.10.1974,528626714857
Chetan Gupta,9293305810,08.11.1990,385574087540
Chetan Joshi,7961532500,20.09.1976,318461635778
Chetan Kapoor,7076475000,05.01.1978,991363959633
Chetan Kumar,7867595632,08.10.1991,999018705287
Chetan Malik,9774636105,19.01.1984,515366052045
Chetan Mehta,7656328503,19.02.1994,617626604280
Chetan Mishra,7008203416,27.04.2003,395729566488
Chetan Nair,9835685171,03.04.1981,639577101516
Chetan Patel,9493123933,02.09.1991,133024753282
Chetan Reddy,8807897632,13.07.2000,749303560304
Chetan Saxena,9847681125,14.11.1989,785333761620
Chetan Shah,9231906252,22.01.2008,215051782831
Chetan Sharma,7723414944,09.01.1990,903655292922
Chetan Singh,8072054694,28.07.1992,457798184357
Chetan Sinha,7405000804,09.11.1982,491211361715
Chetan Thakur,9709115218,09.07.2001,560767075560
Chetan Verma,7992102190,16.03.2010,315644609879
Chetan Verma,7849430748,03.03.1999,459632165792
Chetan Yadav,9140351215,18.12.1985,352598473375
Dia Bansal,9290860664,05.03.1970,992278522151
Dia Chopra,8386294766,02.06.2003,836485855054
Dia Choudhary,7344213038,07.03.2002,598571303545
Dia Das,8500964853,02.08.1998,319625801945
Dia Desai,8965497585,06.11.2009,795623219263
Dia Dey,9942418768,10.11.1990,243447568768
Dia Gupta,7973674539,05.11.1979,113733270328
Dia Joshi,9988922543,15.01.2000,970579912230
Dia Kapoor,7626582889,11.04.1970,364241573804
Dia Kumar,8282147518,22.08.1985,478187988899
Dia Malik,9263885011,24.03.1979,530911874173
Dia Mehta,7153234744,04.12.2010,328895595289
Dia Mishra,7712859839,18.07.1987,742932055005
Dia Nair,8571011041,05.08.1973,426080143383
Dia Patel,7786687636,16.08.1985,566783425615
Dia Reddy,9763253446,03.06.2003,713360576048
Dia Saxena,8362552474,14.04.1977,417011474687
Dia Shah,7576002369,16.02.2000,880831140801
Dia Sharma,7807957198,20.08.1978,922687169952
Dia Singh,9077361029,20.09.1988,554171131936
Dia Sinha,8510780318,27.10.1976,151391555368
Dia Thakur,9961978935,21.02.2009,595427021506
Dia Verma,8939678578,05.06.2007,832733836559
Dia Verma,8291643056,02.08.2005,624978318026
Dia Yadav,9780088543,25.04.1988,541067313712
Divya Bansal,9800174413,04.06.2002,113113814863
Divya Chopra,7461215298,28.09.2002,814569876042
Divya Choudhary,7918567608,18.05.2000,997889953192
Divya Das,7298917684,08.12.1995,686123913466
Divya Desai,9069708238,10.12.2001,156382823223
Divya Dey,9206102304,11.08.1973,185487016380
Divya Gupta,9308619394,20.02.1985,651385051533
Divya Joshi,7517000630,01.10.2000,857811905316
Divya Kapoor,8413646466,13.01.2010,424963184601
Divya Kumar,7075157447,25.07.1991,392709277115
Divya Malik,8592280988,24.08.1996,479173241254
Divya Mehta,7111196681,27.11.1988,813661918059
Divya Mishra,7496891805,14.11.1977,296435615420
Divya Nair,9451395760,03.06.2001,101996190333
Divya Patel,9948283285,07.02.1971,836720014425
Divya Reddy,9988852965,24.10.1992,833242807631
Divya Saxena,7461627644,25.10.2009,212360888267
Divya Shah,9449353655,16.05.1993,427391569185
Divya Sharma,8605135364,13.11.2001,318800512511
Divya Singh,8911864303,12.06.1970,320390650450
Divya Sinha,8296822262,07.10.1974,184684173517
Divya Thakur,8201611021,15.02.2007,181056402000
Divya Verma,7570721705,06.09.1999,820967197877
Divya Verma,8650405231,15.04.1994,381308777473
Divya Yadav,8279675743,21.12.1975,873059476092
Ekta Bansal,8104166195,19.01.1996,704360598637
Ekta Chopra,8512405631,11.12.2005,210564931457
Ekta Choudhary,7601529799,08.04.2007,750922932663
Ekta Das,8521553703,03.08.1998,382825797279
Ekta Desai,9055182109,12.12.1996,388367731228
Ekta Dey,9189998103,13.11.1979,990266551635
Ekta Gupta,7836317244,10.02.1985,852018905641
Ekta Joshi,8409016205,12.03.2007,256960916564
Ekta Kapoor,8373709829,16.07.1996,720350210588
Ekta Kumar,7380827166,23.03.1976,812668338445
Ekta Malik,9079234425,19.11.2003,167760401595
Ekta Mehta,8584741533,13.03.1995,256648222872
Ekta Mishra,8630686750,23.03.2002,739968433663
Ekta Nair,7779181953,20.03.1999,417243366427
Ekta Patel,7713169012,10.05.2006,224634458348
Ekta Reddy,7412071040,23.03.1977,520785694407
Ekta Saxena,7144260835,03.07.1977,587770436898
Ekta Shah,9828506953,02.02.1993,254947862315
Ekta Sharma,9947964629,10.11.2000,425933143648
Ekta Singh,8298590404,22.06.1997,443571247959
Ekta Sinha,7230518175,13.05.1990,843903084420
Ekta Thakur,9806311200,21.06.1972,792179269445
Ekta Verma,9470530722,03.11.1994,502774836118
Ekta Verma,8640748388,09.04.1991,235476490276
Ekta Yadav,8893277282,15.04.1993,994374671565
Esha Bansal,7168327032,20.10.1980,636513191289
Esha Chopra,7448644065,04.03.1982,258962908495
Esha Choudhary,8414640806,17.03.2001,541911153451
Esha Das,8253817050,11.10.1974,147124527453
Esha Desai,8052964202,17.02.1980,662437645208
Esha Dey,9230684408,10.08.1995,334052883767
Esha Gupta,9065394949,05.09.2009,806283853983
Esha Joshi,8680428584,18.02.1992,213856924708
Esha Kapoor,9227790901,24.06.2005,699479324594
Esha Kumar,8028056700,16.03.1997,105757686028
Esha Malik,8289142026,25.12.1992,667191898487
Esha Mehta,8212940634,08.08.1983,525222324219
Esha Mishra,9017898830,21.09.2000,753054972027
Esha Nair,7625345402,21.02.1971,606053320365
Esha Patel,7190604737,06.10.2007,330402915709
Esha Reddy,9750464051,09.07.1984,456602421078
Esha Saxena,9798180217,26.09.2005,637270466535
Esha Shah,7436151519,12.12.2007,902100593650
Esha Sharma,7309897879,01.08.1989,685297004701
Esha Singh,7881288201,21.07.1978,923851144593
Esha Sinha,9208047743,18.09.1982,785840018564
Esha Thakur,8983519964,10.06.1981,512170612536
Esha Verma,8118218383,11.01.1981,165178396966
Esha Verma,8139727396,15.12.2006,970794356329
Esha Yadav,8653230235,10.02.1991,448704485729
Farhan Bansal,9006272040,04.11.2009,687254844285
Farhan Chopra,7283961916,19.05.2004,196052085763
Farhan Choudhary,9702521985,21.01.2001,463547913053
Farhan Das,8068313778,27.03.1997,992619109666
Farhan Desai,7194423454,11.10.2009,505565683049
Farhan Dey,8181437413,20.01.2003,959624413681
Farhan Gupta,7411352148,20.01.1985,839743854420
Farhan Joshi,9400237722,10.11.1986,395638496398
Farhan Kapoor,9469736484,14.01.1994,424249279879
Farhan Kumar,9096794327,11.04.1970,665278473294
Farhan Malik,9963487608,01.01.1983,610848008344
Farhan Mehta,7734382402,25.09.1994,726407666035
Farhan Mishra,7532934254,08.12.2003,150122324951
Farhan Nair,7373192860,15.08.1994,911989030890
Farhan Patel,9865255286,05.01.1987,146516536779
Farhan Reddy,8040620749,25.11.1984,701472495313
Farhan Saxena,7960192629,20.04.1985,801523600351
Farhan Shah,9114334458,07.10.1988,418662863846
Farhan Sharma,9232950033,13.03.1981,595383498905
Farhan Singh,9514974503,07.11.2005,260688179696
Farhan Sinha,8044830907,21.08.1982,200731141559
Farhan Thakur,9500134347,21.05.1979,842883908007
Farhan Verma,9037639134,25.05.1982,532539972887
Farhan Verma,9627614659,16.01.2004,817617334218
Farhan Yadav,8663156352,21.01.1973,563874089011
Gaurav Bansal,8982058766,21.11.1973,571988893007
Gaurav Chopra,7768360760,21.08.1985,191936900001
Gaurav Choudhary,9104411681,07.05.1973,445828753896
Gaurav Das,7647990524,02.02.1994,539992585235
Gaurav Desai,7163447401,14.11.1984,606976820838
Gaurav Dey,7106203828,09.11.2002,819345345920
Gaurav Gupta,8411441698,09.10.1999,949607050219
Gaurav Joshi,8136082427,03.07.1998,518337678128
Gaurav Kapoor,9906949286,13.11.1996,829335782026
Gaurav Kumar,8402504542,08.01.1988,219906236748
Gaurav Malik,8491766801,06.07.1973,666562586937
Gaurav Mehta,9195627453,23.04.1999,902278293776
Gaurav Mishra,9816302915,25.03.1996,260929076709
Gaurav Nair,8661471771,03.02.2008,995102970814
Gaurav Patel,8034646753,10.12.2008,241585885024
Gaurav Reddy,8073738932,17.03.1982,236443111782
Gaurav Saxena,9147456864,19.03.2006,373083997510
Gaurav Shah,8345759917,16.03.2004,497198251128
Gaurav Sharma,7847150284,08.11.1994,996009529824
Gaurav Singh,7563888290,23.03.1989,799542987600
Gaurav Sinha,8203356207,23.11.2009,795293865220
Gaurav Thakur,9681418505,13.04.2007,416723020957
Gaurav Verma,9371383408,14.03.1998,473639846533
Gaurav Verma,7701205230,09.05.1997,117451360542
Gaurav Yadav,8563678002,22.07.1987,477868050652
Ishaan Bansal,8634097927,21.08.2000,525481298181
Ishaan Chopra,8154081274,14.03.1978,900172416076
Ishaan Choudhary,9152381259,09.01.1979,993502258416
Ishaan Das,9142369245,19.02.2008,957860092507
Ishaan Desai,8466851624,27.01.1998,387655545648
Ishaan Dey,8558971996,14.01.1995,934361074398
Ishaan Gupta,8359698976,10.03.1987,914337727640
Ishaan Joshi,9830170478,24.11.1975,423721500810
Ishaan Kapoor,8794756247,12.01.1973,877205093751
Ishaan Kumar,8670603214,15.09.1982,281606316351
Ishaan Malik,9592834449,16.06.2000,417562890984
Ishaan Mehta,7395271414,23.12.1987,330846666634
Ishaan Mishra,7075847790,17.11.2003,942933509555
Ishaan Nair,8671375861,11.05.1977,908127870873
Ishaan Patel,8171424483,21.06.1975,431453614830
Ishaan Reddy,8810593403,08.11.2000,500074685751
Ishaan Saxena,9563697754,23.09.1970,661187012733
Ishaan Shah,8564664780,08.08.1988,248102253693
Ishaan Sharma,7720872233,04.06.1980,223883537921
Ishaan Singh,7418116228,24.01.1978,305125595662
Ishaan Sinha,8356662834,03.11.2001,733036224605
Ishaan Thakur,9476964628,25.08.1996,519686802181
Ishaan Verma,7917936661,06.07.1996,773139789528
Ishaan Verma,8532645727,09.10.1983,602300674031
Ishaan Yadav,8386646504,22.11.1985,194506779760
Jaya Bansal,7795854254,04.09.1993,207375311192
Jaya Chopra,9277321270,06.05.1997,440952849799
Jaya Choudhary,9892903974,24.02.2010,964124407480
Jaya Das,8750687708,06.05.1986,994313281458
Jaya Desai,9140502888,24.07.2001,810761736440
Jaya Dey,7449831474,21.06.1983,683066773549
Jaya Gupta,9866072848,08.03.1995,292925889657
Jaya Joshi,9862448863,19.07.1993,757651555272
Jaya Kapoor,8271238223,25.04.1978,480685540792
Jaya Kumar,8312654497,03.07.2007,857185640218
Jaya Malik,9403727244,21.08.2005,560265626795
Jaya Mehta,7086453418,26.01.1989,224032751957
Jaya Mishra,7512571041,28.05.1993,333642921014
Jaya Nair,7598674835,09.02.1982,157782731790
Jaya Patel,9019497328,22.02.1994,773089319951
Jaya Reddy,8264916561,27.09.1995,140660004554
Jaya Saxena,9523820025,26.12.2001,498448962234
Jaya Shah,9801500981,13.11.1981,566427096113
Jaya Sharma,7390329508,18.08.1991,825715807159
Jaya Singh,9847545330,23.12.1980,310993438560
Jaya Sinha,8414959200,04.06.2003,689862317931
Jaya Thakur,7376888840,17.06.1987,518061545724
Jaya Verma,8089163887,06.02.1991,674398922272
Jaya Verma,7259054917,04.07.1983,163727354550
Jaya Yadav,9589529549,18.12.1977,926884258717
Karthik Bansal,9764621311,06.07.1974,237555608926
Karthik Chopra,9645706219,11.08.1985,600326781981
Karthik Choudhary,7802843165,04.06.2005,476827501196
Karthik Das,7820655861,20.09.2005,998323561461
Karthik Desai,9433164842,21.11.1995,491302796224
Karthik Dey,7290366268,06.10.1996,749432145856
Karthik Gupta,7489499972,21.06.2010,238987244515
Karthik Joshi,9883540857,26.09.1971,799475373152
Karthik Kapoor,7222634731,23.10.1975,843084445880
Karthik Kumar,8445185477,12.03.1985,789844896104
Karthik Malik,9556504070,09.06.1973,832012188481
Karthik Mehta,9541813132,02.07.1994,986728281526
Karthik Mishra,7623747476,15.01.1983,157287708310
Karthik Nair,7551506591,27.01.1970,439957563756
Karthik Patel,7245556469,21.08.1997,511659714131
Karthik Reddy,9877618882,17.10.1975,311982914427
Karthik Saxena,8134761671,12.11.1999,728024888624
Karthik Shah,9873051616,15.09.1990,307105169248
Karthik Sharma,8963745712,22.10.2010,410704736982
Karthik Singh,7854538192,02.08.1994,594160248177
Karthik Sinha,9134566242,25.02.1976,639924148870
Karthik Thakur,8098493295,09.02.1982,957249836103
Karthik Verma,9976232382,27.04.1970,917785573642
Karthik Verma,9211694618,15.12.1994,818129923429
Karthik Yadav,9838109330,10.04.2007,161349119947
Kavya Bansal,9791149543,14.09.1983,968112477762
Kavya Chopra,8053269953,02.08.1998,167663349836
Kavya Choudhary,9818656683,19.03.1981,210146414892
Kavya Das,9198470147,22.01.1981,582734607147
Kavya Desai,8707836790,15.03.2008,866931409773
Kavya Dey,9454166809,25.03.2009,833006826358
Kavya Gupta,7952660188,14.12.2002,799997527213
Kavya Joshi,7813120503,28.01.1980,754987617763
Kavya Kapoor,7204713898,16.11.2006,921310811240
Kavya Kumar,8850849676,16.04.1987,665474735109
Kavya Malik,9170747483,13.05.2010,920000111038
Kavya Mehta,7379693248,21.05.1974,677801762855
Kavya Mishra,8029045876,02.08.2001,569357449960
Kavya Nair,9238179696,05.11.1998,245276664266
Kavya Patel,9691760977,21.11.2010,529409287229
Kavya Reddy,9498241630,11.06.1999,758429943941
Kavya Saxena,7749060803,15.12.1987,684070682529
Kavya Shah,9269072907,19.06.1993,565133262119
Kavya Sharma,8349271622,13.02.1974,948810737694
Kavya Singh,9222847196,06.06.2009,486871248320
Kavya Sinha,9111045223,18.10.1982,370672870764
Kavya Thakur,9742650737,11.06.2009,349998707463
Kavya Verma,8652983490,01.04.2010,647807390294
Kavya Verma,8010919349,14.04.1995,299101947518
Kavya Yadav,8238194786,10.09.1976,138226272060
Kiara Bansal,7289450476,08.03.1970,369010358342
Kiara Chopra,8413040073,26.06.1998,721935963353
Kiara Choudhary,8443666348,19.01.1982,882398790977
Kiara Das,7692794846,23.12.1974,489750118207
Kiara Desai,9975753023,28.01.1984,256904157849
Kiara Dey,8160848758,22.06.1990,946183617791
Kiara Gupta,7870750460,16.11.1990,887332689378
Kiara Joshi,8825772219,27.01.1984,788893151341
Kiara Kapoor,9454897091,02.11.1986,145043705505
Kiara Kumar,9926289569,17.11.2008,279259740776
Kiara Malik,7520928841,21.09.1976,721021247597
Kiara Mehta,9677183776,22.04.2005,941247911816
Kiara Mishra,7461254241,19.01.1971,657370305679
Kiara Nair,7056868217,05.07.2005,357268193349
Kiara Patel,8749201150,27.09.1978,732626792217
Kiara Reddy,7466998402,18.03.1986,186215747808
Kiara Saxena,7690888018,03.07.1993,550394455986
Kiara Shah,8650572189,28.09.1978,220666811584
Kiara Sharma,9567760820,05.07.1978,384739351619
Kiara Singh,9709489641,13.11.1988,510849814679
Kiara Sinha,9746828502,13.11.1987,654778071107
Kiara Thakur,7112589877,21.03.1991,186957166740
Kiara Verma,9379976661,08.08.1991,491229009174
Kiara Verma,9874433832,28.10.1976,656335004254
Kiara Yadav,8944669403,22.12.1985,695152490756
Lata Bansal,7579629202,28.11.2006,706610335008
Lata Chopra,7903802784,19.11.2008,293216177998
Lata Choudhary,8294201541,26.03.1977,194176942464
Lata Das,7846802098,21.07.1978,348432216587
Lata Desai,8237833851,15.12.2007,171998326536
Lata Dey,7761958425,14.04.1977,483576040553
Lata Gupta,8410127604,01.09.1975,279277772273
Lata Joshi,9129811936,11.09.1978,291419697022
Lata Kapoor,8007776636,23.02.2009,621055089790
Lata Kumar,8803621146,05.10.2008,663579504769
Lata Malik,8566766758,23.03.1991,849644759435
Lata Mehta,9627427571,18.06.1971,297650815432
Lata Mishra,7241789786,06.09.2010,872038090394
Lata Nair,8886153871,10.11.1999,438697360374
Lata Patel,8242789728,17.11.2004,875165229802
Lata Reddy,7760853201,15.07.1982,964126162077
Lata Saxena,7965322998,21.07.2005,744322927739
Lata Shah,9813574110,07.12.2002,937029555124
Lata Sharma,8883405795,27.03.1988,437164576940
Lata Singh,8983161271,04.05.1983,769929873766
Lata Sinha,7737612869,27.05.1974,132269909597
Lata Thakur,7737812206,08.04.1994,970982346015
Lata Verma,9121757257,18.04.1984,127276362178
Lata Verma,7885994588,25.11.1975,830636272370
Lata Yadav,9706799492,15.01.1995,123228766474
Manish Bansal,8376066498,12.06.1994,881340386482
Manish Chopra,8259774489,06.03.1984,857785218563
Manish Choudhary,9555368775,06.05.2006,862466820267
Manish Das,7134191022,17.08.2010,983169931230
Manish Desai,8583649337,25.04.1970,999372971110
Manish Dey,9146344932,18.03.1991,207197599983
Manish Gupta,9913721033,12.06.1990,105637203289
Manish Joshi,7767549693,25.12.2008,718382703041
Manish Kapoor,7122566247,05.08.1998,687063814864
Manish Kumar,8542525520,26.11.1979,546375067579
Manish Malik,8630270509,02.02.1988,662774125986
Manish Mehta,7433475667,14.07.1973,287523431459
Manish Mishra,9966057739,27.11.1985,864045919011
Manish Nair,9417048180,20.06.1988,250499021545
Manish Patel,9133475111,17.08.2007,241382004465
Manish Reddy,9588587629,25.01.1987,789717133201
Manish Saxena,9165103547,10.10.1980,313676054466
Manish Shah,9329591692,20.05.1993,927210371176
Manish Sharma,8891436790,20.12.1990,336553484747
Manish Singh,9961681851,01.04.2001,278800836360
Manish Sinha,7572512962,05.01.2002,393026790373
Manish Thakur,7914093328,07.03.1998,180667117889
Manish Verma,9359640384,06.01.1994,221787551011
Manish Verma,8855704457,08.06.1985,685200945682
Manish Yadav,7481060021,07.08.1988,690493597935
Meera Bansal,8444147528,06.04.2009,677303078403
Meera Chopra,9994953037,06.07.1979,739576426807
Meera Choudhary,8086199947,02.08.1976,796507546340
Meera Das,8388980235,08.08.1975,836570885871
Meera Desai,7849321541,04.04.2003,901436050120
Meera Dey,9437206852,01.05.1996,361221288750
Meera Gupta,8224235067,13.01.1976,257240488687
Meera Joshi,9139237170,15.07.1972,191556895636
Meera Kapoor,8279653633,26.04.1985,938155869793
Meera Kumar,8993923132,25.03.2009,729963028351
Meera Malik,7925079333,05.01.2009,220717867816
Meera Mehta,9115063871,06.08.1985,242734855726
Meera Mishra,7950731447,27.01.1994,681412607096
Meera Nair,8839211351,17.05.2001,236204489194
Meera Patel,8779264646,20.01.2005,141289703725
Meera Reddy,9811579960,15.04.2007,201187678607
Meera Saxena,7063220350,21.08.1999,651717935533
Meera Shah,7871244505,16.05.1984,931196759919
Meera Sharma,9962285111,21.09.1992,239543237504
Meera Singh,7676999353,24.09.1985,356590519047
Meera Sinha,8284785475,06.08.1992,258994087416
Meera Thakur,7057658936,02.11.2003,224249880538
Meera Verma,9354173066,07.02.1998,224109398247
Meera Verma,7934300245,13.08.1995,643585208525
Meera Yadav,9053850757,28.01.2004,645637839200
Mohan Bansal,7050191472,13.08.2007,136565025193
Mohan Chopra,8660815883,16.11.1975,955402595367
Mohan Choudhary,8411025063,19.11.1972,848752487455
Mohan Das,7017635272,13.10.2003,335964490941
Mohan Desai,8839313329,10.02.2001,618272454920
Mohan Dey,7306578636,05.12.2003,455976738334
Mohan Gupta,9692272454,04.02.1979,716850644086
Mohan Joshi,9417870993,02.12.1995,702996952398
Mohan Kapoor,9161657115,15.02.2003,624892698998
Mohan Kumar,8574581153,25.05.1978,857806224115
Mohan Malik,9613631148,19.02.1981,204290419533
Mohan Mehta,8736105101,05.11.1979,166759017728
Mohan Mishra,9127101894,11.11.1977,498899292969
Mohan Nair,8142054459,26.05.1973,682481992653
Mohan Patel,8707476761,26.04.2008,959481589538
Mohan Reddy,8067384908,19.04.1972,639647259628
Mohan Saxena,8933998224,02.04.1970,564210859864
Mohan Shah,8859667776,23.07.1976,893552370248
Mohan Sharma,9213615519,20.03.1994,381916889085
Mohan Singh,8857332164,15.04.1985,981616937790
Mohan Sinha,9388084641,07.09.1996,600223685215
Mohan Thakur,7406157956,07.01.1984,747372493069
Mohan Verma,9514800452,12.07.2002,405662530663
Mohan Verma,9114152572,19.02.1999,533808297693
Mohan Yadav,7122424760,09.08.2005,684626306408
Neha Bansal,7788828403,07.07.1992,922497887198
Neha Chopra,9223183462,15.09.1980,911809844863
Neha Choudhary,7033521919,13.05.1998,267158737911
Neha Das,8470726733,10.05.1982,289681468957
Neha Desai,9208356740,03.05.2007,592514515527
Neha Dey,8614592792,12.04.1985,846572594623
Neha Gupta,7568008979,27.03.1982,169699912075
Neha Joshi,8600570545,12.09.2008,631218411919
Neha Kapoor,8705497717,06.09.1981,425780516291
Neha Kumar,7105409433,07.08.1994,739444606164
Neha Malik,9206903214,20.01.1976,322394447595
Neha Mehta,7825209561,21.06.2006,251328782990
Neha Mishra,9127202393,09.11.2007,541771413772
Neha Nair,8171366897,10.10.1998,776377544695
Neha Patel,7051455819,24.02.2010,465018251017
Neha Reddy,9928940983,16.02.2003,650660796175
Neha Saxena,9321045988,16.08.2004,860136031512
Neha Shah,8822452770,11.09.1995,711257931953
Neha Sharma,9018932291,15.05.1991,444440634365
Neha Singh,8934998672,22.10.1987,490662925319
Neha Sinha,8208333235,02.07.1993,959193815612
Neha Thakur,8353740541,07.10.1978,580730383358
Neha Verma,7845547653,06.11.2002,852576026977
Neha Verma,8325528809,26.10.1984,893064644991
Neha Yadav,8146051235,09.12.1989,863947289712
Om Bansal,9967337749,18.09.1998,876739592841
Om Chopra,9081962986,08.03.1983,431472915758
Om Choudhary,7627653405,03.03.1971,292018343122
Om Das,7716966356,17.12.1979,493753574703
Om Desai,8025675902,26.01.1996,905956319598
Om Dey,9255991987,01.06.1993,133700413916
Om Gupta,8283238133,08.12.1982,394515407334
Om Joshi,9123174746,02.07.1989,160617567601
Om Kapoor,8432132360,05.09.1974,686483842154
Om Kumar,9963566238,19.09.1981,433116187551
Om Malik,9329702720,05.06.2010,807516234234
Om Mehta,9191630828,24.04.2009,765024067390
Om Mishra,8144650247,12.05.1978,510865841812
Om Nair,9158289875,08.08.2001,969507789156
Om Patel,7046828529,22.10.2008,315878550236
Om Reddy,8782129721,04.01.2001,134154402169
Om Saxena,8600493920,01.03.1985,343209037966
Om Shah,7780504346,21.08.1977,437174853680
Om Sharma,9382818930,24.06.1993,761744303516
Om Singh,9263803593,11.06.1987,684539990474
Om Sinha,7682116322,25.08.1981,933608976281
Om Thakur,7792296937,06.01.2005,222190915689
Om Verma,7494308817,05.02.1991,179964325638
Om Verma,9902160023,17.07.2000,701407043769
Om Yadav,8276402163,18.05.2000,270402144776
Pooja Bansal,8208439478,13.10.1981,225025835725
Pooja Chopra,7893147248,10.08.1993,450557722006
Pooja Choudhary,7991741564,12.10.1971,176863851673
Pooja Das,7686402911,21.11.2001,705371196043
Pooja Desai,9928918206,11.11.2003,762496467977
Pooja Dey,7426094063,24.01.1984,589193041970
Pooja Gupta,8959605969,04.11.1997,952249075694
Pooja Joshi,7358745159,02.09.1977,418461486693
Pooja Kapoor,8485596340,07.07.2009,567265928471
Pooja Kumar,9216098140,25.07.1971,484299116755
Pooja Malik,8711871866,16.11.1975,418164661416
Pooja Mehta,8734254008,20.04.2010,890999464535
Pooja Mishra,7860788393,13.08.1977,183623076140
Pooja Nair,9043299875,12.08.1997,929196486482
Pooja Patel,9121397357,17.07.1996,779331800581
Pooja Reddy,9753967384,14.04.1995,836657949308
Pooja Saxena,7805177266,14.01.1974,963509560295
Pooja Shah,7721181546,12.06.1985,307582915341
Pooja Sharma,7187074301,13.04.1992,204070701070
Pooja Singh,7621414292,14.09.1970,922108179688
Pooja Sinha,8820595523,14.03.2004,354568802296
Pooja Thakur,8155981497,01.05.2000,376376494116
Pooja Verma,7170314479,24.10.1994,520622231959
Pooja Verma,9594055015,17.11.1982,394338606371
Pooja Yadav,7380248837,07.09.1998,991762306895
Rahul Bansal,8661890485,22.04.1991,113226856800
Rahul Chopra,7083778638,11.06.2005,489833006018
Rahul Choudhary,8374488280,13.01.1975,781342715371
Rahul Das,7277330829,13.05.2009,354282914437
Rahul Desai,7264496594,08.08.1990,794701557369
Rahul Dey,7321829186,14.08.1996,500859604103
Rahul Gupta,7179264358,03.05.1981,406390659581
Rahul Joshi,8833537296,22.11.1981,256620907220
Rahul Kapoor,8611845234,23.11.2005,331160744730
Rahul Kumar,7640512812,05.11.1980,780418346643
Rahul Malik,7684378088,08.05.1971,874434169774
Rahul Mehta,7408824029,25.03.1982,763865856986
Rahul Mishra,8630226048,28.11.1995,551314506653
Rahul Nair,8933776074,13.01.1979,922189257596
Rahul Patel,7407978892,10.07.2004,635524509844
Rahul Reddy,9550659017,19.05.1991,409725418124
Rahul Saxena,7389371083,15.03.1993,474576019722
Rahul Shah,7337431769,12.11.1978,213478992620
Rahul Sharma,8581035278,13.05.1972,778846827117
Rahul Singh,8337169879,08.11.1979,281491987205
Rahul Sinha,9072498136,18.04.1993,508559236930
Rahul Thakur,8962937549,22.05.1972,581111729294
Rahul Verma,9809474246,05.04.1987,394674162918
Rahul Verma,7378808589,24.06.1985,297477937078
Rahul Yadav,7111357957,15.10.1974,149516423691
Riya Bansal,7648766260,17.11.1975,735189819775
Riya Chopra,9991117708,06.10.1989,327652266773
Riya Choudhary,9642160797,19.02.1983,895909192426
Riya Das,8775033728,14.05.1992,677362799615
Riya Desai,9304773421,09.06.1999,438950547266
Riya Dey,8404025653,15.01.1976,991821755027
Riya Gupta,8096447501,05.10.1989,960266323143
Riya Joshi,9387626571,21.04.1992,446565280690
Riya Kapoor,9402329901,08.11.1997,137715982089
Riya Kumar,7836096963,24.05.1990,664669179672
Riya Malik,9192695666,19.10.1992,879819664251
Riya Mehta,7263506161,09.09.1972,778499082791
Riya Mishra,7345130709,12.01.2000,605102769970
Riya Nair,8494986015,26.04.1994,278093931022
Riya Patel,7849434348,26.03.1973,520712853106
Riya Reddy,8007276209,16.04.1994,507196050731
Riya Saxena,9288389495,14.07.2008,711222374978
Riya Shah,8655203306,25.05.1993,811142760338
Riya Sharma,9723983745,02.02.2010,739576377783
Riya Singh,8784636802,10.05.1972,927135487085
Riya Sinha,8022040334,23.03.1976,594237813694
Riya Thakur,9485216365,04.06.1985,647866417323
Riya Verma,9422100434,12.04.1978,406824075130
Riya Verma,7440026657,05.12.1991,718554262259
Riya Yadav,8168129202,24.06.1973,847493729047
Sakshi Bansal,8180004636,11.02.2010,918847366792
Sakshi Chopra,8040146989,05.05.1985,307733081861
Sakshi Choudhary,7632252732,02.01.1988,735320024607
Sakshi Das,7153423786,11.07.2007,406323288703
Sakshi Desai,8790215048,23.06.1995,546597134896
Sakshi Dey,7659733409,26.06.1976,242046779858
Sakshi Gupta,9293208265,16.01.1974,398585205767
Sakshi Joshi,7633857222,18.12.2008,536316184016
Sakshi Kapoor,7579610082,26.07.1987,726684197963
Sakshi Kumar,7293648309,13.08.1980,779973553856
Sakshi Malik,8167175579,07.07.1995,326439806316
Sakshi Mehta,8673151005,02.11.1970,865851939347
Sakshi Mishra,8542931065,08.04.1999,892837794012
Sakshi Nair,8231812428,02.04.2010,311702366113
Sakshi Patel,7486269158,04.07.1991,949059773039
Sakshi Reddy,9455968590,01.10.1982,794065574772
Sakshi Saxena,8405229167,17.11.1982,429461196435
Sakshi Shah,8930185646,19.12.2007,988909150136
Sakshi Sharma,7126419568,10.10.1985,512026704012
Sakshi Singh,9418907457,07.07.1996,976469671054
Sakshi Sinha,9669475038,07.08.1990,958200319028
Sakshi Thakur,9747345610,19.01.1999,402608623190
Sakshi Verma,7078723624,06.03.1970,242444941654
Sakshi Verma,7022075429,03.12.1977,426763008524
Sakshi Yadav,8831687653,12.04.2001,289718001582
Tanvi Bansal,8966683902,25.08.1970,922367706269
Tanvi Chopra,7496542886,22.08.1981,324929467562
Tanvi Choudhary,7597307559,28.09.1983,787897005211
Tanvi Das,7552676820,19.11.1996,759866800226
Tanvi Desai,7011633593,22.05.1982,514113070937
Tanvi Dey,9205135073,08.04.1970,481357900618
Tanvi Gupta,9475386574,17.07.1987,607558103431
Tanvi Joshi,9613942117,10.04.1984,615548713843
Tanvi Kapoor,9168718331,28.08.1979,436369393209
Tanvi Kumar,8720831184,23.05.2009,410142063167
Tanvi Malik,8970276277,17.08.1972,914595689669
Tanvi Mehta,8152168605,10.10.2003,164651959236
Tanvi Mishra,9668768002,26.11.2010,816552898055
Tanvi Nair,8421123502,13.04.2003,140118746035
Tanvi Patel,8498176122,04.08.1987,504291506573
Tanvi Reddy,9532406284,08.01.2004,610936859054
Tanvi Saxena,9252168054,14.08.2003,331948508954
Tanvi Shah,7025094137,28.08.2002,795530427457
Tanvi Sharma,8409076713,23.05.1970,499881553044
Tanvi Singh,9057496876,06.03.1977,320636751868
Tanvi Sinha,8860088363,06.12.1996,838096614944
Tanvi Thakur,7156234168,13.12.1982,823434385343
Tanvi Verma,7805849581,01.11.2000,908451293473
Tanvi Verma,7756788447,04.04.1999,271107167463
Tanvi Yadav,7182990328,11.11.2007,100579467975
Uma Bansal,9417700881,05.09.1973,113083776914
Uma Chopra,8261905813,21.01.1982,294565779018
Uma Choudhary,8743922119,06.03.1981,345645435047
Uma Das,8827794318,02.09.1975,765875268012
Uma Desai,9442015426,22.04.1994,358026008049
Uma Dey,9897145894,20.10.1983,108147357824
Uma Gupta,8076463955,22.08.1987,613648499169
Uma Joshi,8631280428,17.03.1981,857077007959
Uma Kapoor,8112192424,25.02.2004,865389067008
Uma Kumar,7916293867,02.10.2001,548786431893
Uma Malik,7778720116,23.05.1989,722116518632
Uma Mehta,8971272818,08.09.1977,887171949400
Uma Mishra,8590686856,01.12.1992,852193708892
Uma Nair,8342638153,13.07.1990,891012919250
Uma Patel,7886051043,26.12.1975,920756342272
Uma Reddy,9332616941,25.06.1987,654127488974
Uma Saxena,9810626360,06.04.1971,949884639710
Uma Shah,7753305285,28.05.1990,122712590775
Uma Sharma,9848540942,16.08.2000,210222630843
Uma Singh,7858530493,16.03.1976,153530685114
Uma Sinha,8487671462,19.05.2005,982910372607
Uma Thakur,7516579567,03.10.1997,287774830121
Uma Verma,9211128126,08.12.1988,917184310082
Uma Verma,8023027890,14.05.1984,979242262582
Uma Yadav,7330438343,04.08.2001,419455323594
Varun Bansal,9920287038,16.03.1995,536812482729
Varun Chopra,9128783750,04.11.2006,213195122603
Varun Choudhary,9426737544,28.09.1986,822300258329
Varun Das,9047961075,25.11.1988,651102918881
Varun Desai,9323133964,02.12.2004,962832426675
Varun Dey,9064425759,15.09.1981,805030236620
Varun Gupta,8210655185,16.11.2004,920511202201
Varun Joshi,8512750848,23.10.2003,703804395453
Varun Kapoor,7561220446,17.10.1972,352155396121
Varun Kumar,9881141878,21.04.1981,646569954641
Varun Malik,9637727280,12.04.2002,831777233473
Varun Mehta,9436005406,07.02.2002,319212862482
Varun Mishra,7883428226,17.09.1983,825601659010
Varun Nair,9597075794,16.08.1994,871823795860
Varun Patel,9237664042,14.12.2007,760378203687
Varun Reddy,8677081461,12.08.1991,536912191978
Varun Saxena,7161616222,16.02.2006,816737387340
Varun Shah,9785577981,25.08.1998,835437572400
Varun Sharma,9374426086,23.12.1989,346436797506
Varun Singh,8073688548,23.01.2003,598495940236
Varun Sinha,9740586360,14.12.1976,293917073083
Varun Thakur,9699547480,09.05.2005,909899102928
Varun Verma,7857652918,11.12.1996,553360030726
Varun Verma,8974562638,04.05.1982,986137941013
Varun Yadav,9017765836,10.03.1995,280452754622
Virat Bansal,9426184107,05.07.1985,157498651139
Virat Chopra,9097418107,15.10.1973,661413544155
Virat Choudhary,8448696440,02.01.1991,685525778783
Virat Das,8817470730,20.12.2004,211449728971
Virat Desai,7337372275,24.03.1999,387156278825
Virat Dey,8296989731,24.03.1997,419394667774
Virat Gupta,7849507959,22.03.1976,348689422557
Virat Joshi,8523882561,12.03.1988,879669325375
Virat Kapoor,9015901146,14.04.1992,179132903450
Virat Kumar,7705129966,01.01.2007,592672025621
Virat Malik,8190745953,19.04.1998,988010002924
Virat Mehta,9110992742,23.05.1979,940030829757
Virat Mishra,7119181378,01.11.1972,282868731160
Virat Nair,8487507604,23.12.1970,425891572091
Virat Patel,8085962302,02.02.1999,755604080983
Virat Reddy,8720771343,27.02.2000,716522427816
Virat Saxena,8208400679,13.03.1996,952385635237
Virat Shah,7873571407,13.06.1972,600346298156
Virat Sharma,8043858864,14.02.1993,784960127441
Virat Singh,8761732322,07.08.1995,521162669364
Virat Sinha,9843643272,17.07.1978,660390037635
Virat Thakur,7149390236,05.10.1983,990534813143
Virat Verma,8085253910,26.02.1995,436582251035
Virat Verma,8536428303,13.03.2007,401213046778
Virat Yadav,9504686257,05.08.1998,125761512430
Yash Bansal,8952023424,17.08.1976,554047958944
Yash Chopra,8653038527,12.06.1975,562426505796
Yash Choudhary,9167833047,03.03.1982,138620495346
Yash Das,8381486678,15.05.2003,851623985811
Yash Desai,8495080498,18.06.1997,176994778023
Yash Dey,9864320092,04.06.1996,767300194275
Yash Gupta,9544439622,03.08.1999,193076248006
Yash Joshi,9914544306,26.04.1977,229951599383
Yash Kapoor,7236536819,13.01.1995,900144884117
Yash Kumar,8484146635,18.10.2007,608458607060
Yash Malik,9979242419,14.07.1997,151449929081
Yash Mehta,7618374044,15.05.1977,458247196414
Yash Mishra,7302442971,18.01.1991,773355040547
Yash Nair,7337994129,19.12.1999,264705104477
Yash Patel,9735302189,09.11.1976,306393241644
Yash Reddy,9211247953,12.08.1981,655421699088
Yash Saxena,8210676165,16.11.2008,961947948461
Yash Shah,8556253091,10.09.1989,818073006103
Yash Sharma,7593853252,08.12.1973,386594716972
Yash Singh,9427956849,12.02.1990,719119146514
Yash Sinha,8129901984,16.12.1986,289191513910
Yash Thakur,7641298795,01.04.1993,330371155011
Yash Verma,7394433130,04.02.1992,380074599192
Yash Verma,8254948572,23.06.2000,611399659952
Yash Yadav,8576366629,08.05.1996,859400799815
Zara Bansal,7572956897,19.12.1995,656909878594
Zara Chopra,8324230838,08.08.1989,363915882656
Zara Choudhary,9503759210,28.08.1983,115474639943
Zara Das,9759293731,28.08.2008,781006369826
Zara Desai,7969387442,22.10.1992,531666267243
Zara Dey,8148644988,22.12.1989,182521254269
Zara Gupta,7119287562,16.01.1975,128250908917
Zara Joshi,9282425296,27.06.1984,510639548738
Zara Kapoor,9701297771,03.10.1973,146337476209
Zara Kumar,9972138901,16.01.1992,990852049789
Zara Malik,7528021955,06.09.1990,290930098747
Zara Mehta,7710982909,28.12.2003,606797403356
Zara Mishra,8525526906,15.03.1988,789423973791
Zara Nair,9327293781,24.02.1984,952403972675
Zara Patel,9078213613,15.03.2009,954853973765
Zara Reddy,9648430473,02.08.1986,935048908548
Zara Saxena,9398853371,20.09.1990,342473184980
Zara Shah,7299430378,19.01.1976,816593588341
Zara Sharma,7458992655,02.01.1972,548752297538
Zara Singh,8933853860,09.04.1998,943660489494
Zara Sinha,8217314034,02.12.1972,745191907971
Zara Thakur,8731835015,16.08.2007,501836110567
Zara Verma,7326497263,16.05.1994,591731082226
Zara Verma,7226917134,27.06.1976,792389576625
Zara Yadav,9419382528,23.04.1975,688976422723
